"Product","Status","Automotive Recommended","Description","# per Package","GBWP (kHz)","Iq Typical (µA)","Iq Max (µA)","Vos Max (µV)","Operating Voltage Range (V) ","Input Voltage Noise Density (nV/rt(Hz))","PSRR Min (dB)","CMRR Min (dB)","ΔVos/ΔTa (µV/°C)","Ib (pA)","Aol (dB)","PM (deg)","Isc (mA)","Rail-To-Rail","Unity Gain Stable","Slew Rate (V/µS)","EMI Protection","Packages","5K Pricing"
"MCP6441"," In Production "," Yes"," Linear Op Amps"," 1"," 9"," 0.45"," 0.65"," 4500"," ""1.4 - 6.0"""," 190"," 65"," 60"," 2.5"," 1"," 110"," 65"," 22"," In/Out"," Yes"," 0.003","  "," 5/SOT-23 5/SC-70","$0.46"
"MCP6442"," In Production "," Yes"," Linear Op Amps"," 2"," 9"," 0.45"," 0.65"," 4500"," ""1.4 - 6.0"""," 190"," 65"," 60"," 2.5"," 1"," 110"," 65"," 22"," In/Out"," Yes"," 0.003","  "," 8/SOIC 150mil 8/MSOP 8/TDFN","$0.67"
"MCP6444"," In Production "," Yes"," Linear Op Amps"," 4"," 9"," 0.45"," 0.65"," 4500"," ""1.4 - 6.0"""," 190"," 65"," 60"," 2.5"," 1"," 110"," 65"," 22"," In/Out"," Yes"," 0.003","  "," 14/TSSOP 14/SOIC 150mil","$1.20"
"MCP6031"," In Production "," Yes"," Linear Op Amps"," 1"," 10"," 0.9"," 1.35"," 150"," ""1.8 - 5.5"""," 165"," 70"," 70"," 3"," 1"," 115"," 65"," 23"," In/Out"," Yes"," 0.004","  "," 8/PDIP 8/SOIC 150mil 5/SOT-23 8/MSOP 8/DFN","$0.51"
"MCP6033"," In Production "," Yes"," Linear Op Amps"," 1"," 10"," 0.9"," 1.35"," 150"," ""1.8 - 5.5"""," 165"," 70"," 70"," 3"," 1"," 115"," 65"," 23"," In/Out"," Yes"," 0.004","  "," 8/SOIC 150mil 8/MSOP 8/DFN","$0.54"
"MCP6032"," In Production "," Yes"," Linear Op Amps"," 2"," 10"," 0.9"," 1.35"," 150"," ""1.8 - 5.5"""," 165"," 70"," 70"," 3"," 1"," 115"," 65"," 23"," In/Out"," Yes"," 0.004","  "," 8/PDIP 8/SOIC 150mil 8/MSOP","$0.72"
"MCP6034"," In Production "," Yes"," Linear Op Amps"," 4"," 10"," 0.9"," 1.35"," 150"," ""1.8 - 5.5"""," 165"," 70"," 70"," 3"," 1"," 115"," 65"," 23"," In/Out"," Yes"," 0.004","  "," 14/TSSOP 14/SOIC 150mil","$1.28"
"MCP6041"," In Production "," Yes"," Linear Op Amps"," 1"," 14"," 0.6"," 1"," 3000"," ""1.4 - 6.0"""," 170"," 70"," 62"," 1.5"," 1"," 115"," 65"," 21"," In/Out"," Yes"," 0.003","  "," 8/PDIP 8/SOIC 150mil 5/SOT-23 8/MSOP","$0.42"
"MCP6043"," In Production "," Yes"," Linear Op Amps"," 1"," 14"," 0.6"," 1"," 3000"," ""1.4 - 6.0"""," 170"," 70"," 62"," 1.5"," 1"," 115"," 65"," 21"," In/Out"," Yes"," 0.003","  "," 8/PDIP 8/SOIC 150mil 8/MSOP 6/SOT-23","$0.44"
"MCP6042"," In Production "," Yes"," Linear Op Amps"," 2"," 14"," 0.6"," 1"," 3000"," ""1.4 - 6.0"""," 170"," 70"," 62"," 1.5"," 1"," 115"," 65"," 21"," In/Out"," Yes"," 0.003","  "," 8/PDIP 8/SOIC 150mil 8/MSOP","$0.60"
"MCP6044"," In Production "," Yes"," Linear Op Amps"," 4"," 14"," 0.6"," 1"," 3000"," ""1.4 - 6.0"""," 170"," 70"," 62"," 1.5"," 1"," 115"," 65"," 21"," In/Out"," Yes"," 0.003","  "," 14/PDIP 14/TSSOP 14/SOIC 150mil","$1.06"
"MIC7111"," In Production "," No"," Linear Op Amps"," 1"," 25"," 20"," 50"," 7000"," ""1.8 - 11"""," 110"," 65"," 57"," 0"," 0"," 114"," 50"," 100","  "," No"," 0","  "," 5/SOT-23","$0.36"
"MCP6V11"," In Production "," Yes"," Linear High Precision Op Amps-Chopper Stabilized"," 1"," 80"," 7.5"," 11"," 8"," ""1.6 - 5.5"""," 102"," 118"," 119"," 0.05"," 5"," 112"," 70"," 17"," In/Out"," Yes"," 0.03","  "," 5/SOT-23","$0.82"
"MCP6V11U"," In Production "," Yes"," Linear High Precision Op Amps-Chopper Stabilized"," 1"," 80"," 7.5"," 11"," 8"," ""1.6 - 5.5"""," 102"," 118"," 119"," 0.05"," 5"," 112"," 70"," 17"," In/Out"," Yes"," 0.03","  "," 5/SOT-23 5/SC-70","$0.82"
"MCP6V12"," In Production "," Yes"," Linear High Precision Op Amps-Chopper Stabilized"," 2"," 80"," 6.5"," 11"," 8"," ""1.6 - 5.5"""," 102"," 118"," 119"," 0.05"," 5"," 112"," 70"," 17"," In/Out"," Yes"," 0.03","  "," 8/MSOP 8/TDFN","$1.26"
"MCP6V14"," In Production "," Yes"," Linear High Precision Op Amps-Chopper Stabilized"," 4"," 80"," 6.5"," 11"," 8"," ""1.6 - 5.5"""," 102"," 118"," 119"," 0.05"," 5"," 112"," 70"," 17"," In/Out"," Yes"," 0.03","  "," 14/TSSOP","$2.22"
"MCP6421"," In Production "," Yes"," Linear Op Amps"," 1"," 90"," 4.4"," 5.5"," 1000"," ""1.8 - 5.5"""," 95"," 90"," 90"," 3"," 1"," 115"," 55"," 22"," In/Out"," Yes"," 0.05"," Yes"," 5/SOT-23 5/SC-70","$0.39"
"MCP6422"," In Production "," Yes"," Linear Op Amps"," 2"," 90"," 4.4"," 5.5"," 1000"," ""1.8 - 5.5"""," 95"," 90"," 90"," 3"," 1"," 115"," 55"," 22"," In/Out"," Yes"," 0.05"," Yes"," 8/SOIC 150mil 8/MSOP","$0.51"
"MCP6424"," In Production "," Yes"," Linear Op Amps"," 4"," 90"," 4.4"," 5.5"," 1000"," ""1.8 - 5.5"""," 95"," 90"," 90"," 3"," 1"," 115"," 55"," 22"," In/Out"," Yes"," 0.05"," Yes"," 14/TSSOP 14/SOIC 150mil","$0.75"
"MCP6141"," In Production "," Yes"," Linear Op Amps"," 1"," 100"," 0.6"," 1"," 3000"," ""1.4 - 6.0"""," 170"," 70"," 60"," 1.5"," 1"," 115"," 60"," 21"," In/Out"," No"," 0.024","  "," 8/PDIP 8/SOIC 150mil 5/SOT-23 8/MSOP","$0.42"
"MCP6143"," In Production "," Yes"," Linear Op Amps"," 1"," 100"," 0.6"," 1"," 3000"," ""1.4 - 6.0"""," 170"," 70"," 60"," 1.5"," 1"," 115"," 60"," 21"," In/Out"," No"," 0.024","  "," 8/PDIP 8/SOIC 150mil 8/MSOP 6/SOT-23","$0.44"
"MCP6142"," In Production "," Yes"," Linear Op Amps"," 2"," 100"," 0.6"," 1"," 3000"," ""1.4 - 6.0"""," 170"," 70"," 60"," 1.5"," 1"," 115"," 60"," 21"," In/Out"," No"," 0.024","  "," 8/PDIP 8/SOIC 150mil 8/MSOP","$0.60"
"MCP6144"," In Production "," Yes"," Linear Op Amps"," 4"," 100"," 0.6"," 1"," 3000"," ""1.4 - 6.0"""," 170"," 70"," 60"," 1.5"," 1"," 115"," 60"," 21"," In/Out"," No"," 0.024","  "," 14/PDIP 14/TSSOP 14/SOIC 150mil","$1.06"
"MCP606"," In Production "," Yes"," Linear Op Amps"," 1"," 155"," 19"," 25"," 250"," ""2.5 - 6.0"""," 38"," 80"," 75"," 1.8"," 1"," 118"," 62"," 17"," Out"," Yes"," 0.08","  "," 8/PDIP 8/SOIC 150mil 8/TSSOP 5/SOT-23","$0.44"
"MCP608"," In Production "," Yes"," Linear Op Amps"," 1"," 155"," 19"," 25"," 250"," ""2.5 - 6.0"""," 38"," 80"," 75"," 1.8"," 1"," 118"," 62"," 17"," Out"," Yes"," 0.08","  "," 8/PDIP 8/SOIC 150mil 8/TSSOP","$0.58"
"MCP607"," In Production "," Yes"," Linear Op Amps"," 2"," 155"," 19"," 25"," 250"," ""2.5 - 6.0"""," 38"," 80"," 75"," 1.8"," 1"," 118"," 62"," 17"," Out"," Yes"," 0.08","  "," 8/PDIP 8/SOIC 150mil 8/TSSOP","$0.73"
"MCP609"," In Production "," Yes"," Linear Op Amps"," 4"," 155"," 19"," 25"," 250"," ""2.5 - 6.0"""," 38"," 80"," 75"," 1.8"," 1"," 118"," 62"," 17"," Out"," Yes"," 0.08","  "," 14/PDIP 14/TSSOP 14/SOIC 150mil","$1.09"
"MCP616"," In Production "," Yes"," Linear Op Amps"," 1"," 190"," 19"," 25"," 150"," ""2.3 - 5.5"""," 32"," 86"," 80"," 2"," 15000"," 115"," 57"," 17"," Out"," Yes"," 0.08","  "," 8/PDIP 8/SOIC 150mil 8/MSOP","$0.58"
"MCP618"," In Production "," Yes"," Linear Op Amps"," 1"," 190"," 19"," 25"," 150"," ""2.3 - 5.5"""," 32"," 86"," 80"," 2"," 15000"," 115"," 57"," 17"," Out"," Yes"," 0.08","  "," 8/PDIP 8/SOIC 150mil 8/MSOP","$0.63"
"MCP617"," In Production "," Yes"," Linear Op Amps"," 2"," 190"," 19"," 25"," 150"," ""2.3 - 5.5"""," 32"," 86"," 80"," 2"," 15000"," 115"," 57"," 17"," Out"," Yes"," 0.08","  "," 8/PDIP 8/SOIC 150mil 8/MSOP","$0.76"
"MCP619"," In Production "," Yes"," Linear Op Amps"," 4"," 190"," 19"," 25"," 150"," ""2.3 - 5.5"""," 32"," 86"," 80"," 2"," 15000"," 115"," 57"," 17"," Out"," Yes"," 0.08","  "," 14/PDIP 14/TSSOP 14/SOIC 150mil","$1.15"
"MCP6231"," In Production "," Yes"," Linear Op Amps"," 1"," 300"," 20"," 30"," 5000"," ""1.8 - 6.0"""," 52"," 83"," 61"," 3"," 1"," 110"," 65"," 23"," In/Out"," Yes"," 0.15","  "," 8/PDIP 8/SOIC 150mil 5/SOT-23 8/MSOP 5/SC-70 8/DFN","$0.22"
"MCP6231U"," In Production "," Yes"," Linear Op Amps"," 1"," 300"," 20"," 30"," 5000"," ""1.8 - 6.0"""," 52"," 83"," 61"," 3"," 1"," 110"," 65"," 23"," In/Out"," Yes"," 0.15","  "," 5/SOT-23 5/SC-70","$0.22"
"MCP6231R"," In Production "," Yes"," Linear Op Amps"," 1"," 300"," 20"," 30"," 5000"," ""1.8 - 6.0"""," 52"," 83"," 61"," 3"," 1"," 110"," 65"," 23"," In/Out"," Yes"," 0.15","  "," 5/SOT-23","$0.23"
"MCP6232"," In Production "," Yes"," Linear Op Amps"," 2"," 300"," 20"," 30"," 5000"," ""1.8 - 6.0"""," 52"," 83"," 61"," 3"," 1"," 110"," 65"," 23"," In/Out"," Yes"," 0.15","  "," 8/PDIP 8/SOIC 150mil 8/MSOP 8/TDFN","$0.29"
"MCP6234"," In Production "," Yes"," Linear Op Amps"," 4"," 300"," 20"," 30"," 5000"," ""1.8 - 6.0"""," 52"," 83"," 61"," 3"," 1"," 110"," 65"," 23"," In/Out"," Yes"," 0.15","  "," 14/PDIP 14/TSSOP 14/SOIC 150mil","$0.46"
"MCP6V31"," In Production "," Yes"," Linear High Precision Op Amps-Chopper Stabilized"," 1"," 300"," 23"," 34"," 8"," ""1.8 - 5.5"""," 50"," 120"," 120"," 0.05"," 5"," 120"," 70"," 21"," In/Out"," Yes"," 0.13","  "," 5/SOT-23","$0.81"
"MCP6V31U"," In Production "," Yes"," Linear High Precision Op Amps-Chopper Stabilized"," 1"," 300"," 23"," 34"," 8"," ""1.8 - 5.5"""," 50"," 120"," 120"," 0.05"," 5"," 120"," 70"," 21"," In/Out"," Yes"," 0.13","  "," 5/SOT-23 5/SC-70","$0.81"
"MCP6V32"," In Production "," Yes"," Linear High Precision Op Amps-Chopper Stabilized"," 2"," 300"," 21"," 34"," 8"," ""1.8 - 5.5"""," 50"," 120"," 120"," 0.05"," 5"," 120"," 70"," 21"," In/Out"," Yes"," 0.13","  "," 8/MSOP 8/TDFN","$1.24"
"MCP6V34"," In Production "," Yes"," Linear High Precision Op Amps-Chopper Stabilized"," 4"," 300"," 21"," 34"," 8"," ""1.8 - 5.5"""," 50"," 120"," 120"," 0.05"," 5"," 120"," 70"," 21"," In/Out"," Yes"," 0.13","  "," 14/TSSOP","$2.19"
"MCP6051"," In Production "," Yes"," Linear Op Amps"," 1"," 385"," 30"," 45"," 150"," ""1.8 - 6.0"""," 34"," 87"," 91"," 1.5"," 1"," 115"," 61"," 26"," In/Out"," Yes"," 0.15","  "," 8/SOIC 150mil 5/SOT-23 8/TDFN","$0.47"
"MCP6052"," In Production "," Yes"," Linear Op Amps"," 2"," 385"," 30"," 45"," 150"," ""1.8 - 6.0"""," 34"," 87"," 91"," 1.5"," 1"," 115"," 61"," 26"," In/Out"," Yes"," 0.15","  "," 8/SOIC 150mil 8/TDFN","$0.67"
"MCP6054"," In Production "," Yes"," Linear Op Amps"," 4"," 385"," 30"," 45"," 150"," ""1.8 - 6.0"""," 34"," 87"," 91"," 1.5"," 1"," 115"," 61"," 26"," In/Out"," Yes"," 0.15","  "," 14/TSSOP 14/SOIC 150mil","$1.22"
"MIC7300"," In Production "," No"," Linear Op Amps"," 1"," 400"," 1000"," 2800"," 9000"," ""2.2 - 10"""," 37"," 55"," 55"," 0"," 0"," 110"," 40"," 115","  "," No"," 0","  "," 5/SOT-23 8/MSOP","$0.20"
"MIC861"," In Production "," No"," Linear Op Amps"," 1"," 400"," 4.6"," 9"," 10000"," ""2.43 - 5.25"""," 0"," 45"," 60"," 0"," 0"," 68"," 0"," 24","  "," No"," 0","  "," 5/SC70","$0.51"
"TC7652"," In Production "," No"," Linear Op Amps"," 1"," 400"," 1000"," 3000"," 5"," ""6.5 - 16""","  "," 120"," 120"," 0.01"," 15"," 60"," 50","  "," Out"," Yes"," 1","  "," 8/PDIP 14/PDIP","$2.50"
"MIC863"," In Production "," No"," Linear Op Amps"," 2"," 450"," 4.2"," 8"," 6000"," ""2.0 - 5.25"""," 0"," 60"," 60"," 0"," 0"," 88"," 63"," 27","  "," No"," 0","  "," 8/SOT-23","$0.71"
"MIC7122"," In Production "," No"," Linear Op Amps"," 2"," 465"," 800"," 1800"," 9000"," ""2.2 - 15"""," 37"," 60"," 45"," 0"," 0"," 110"," 40"," 140","  "," No"," 0","  "," 8/MSOP","$0.76"
"LMC7101"," In Production "," No"," Linear Op Amps"," 1"," 500"," 500"," 850"," 6000"," ""2.7 - 12"""," 37"," 82"," 82"," 0"," 1"," 110"," 45"," 300"," Out"," No"," 0.3","  "," 5/SOT-23","$0.24"
"MCP6241"," In Production "," Yes"," Linear Op Amps"," 1"," 550"," 50"," 70"," 5000"," ""1.8 - 5.5"""," 45"," 83"," 60"," 3"," 1"," 110"," 68"," 23"," In/Out"," Yes"," 0.3","  "," 8/PDIP 8/SOIC 150mil 5/SOT-23 8/MSOP 5/SC-70 8/DFN","$0.21"
"MCP6241R"," In Production "," Yes"," Linear Op Amps"," 1"," 550"," 50"," 70"," 5000"," ""1.8 - 5.5"""," 45"," 83"," 60"," 3"," 1"," 110"," 68"," 23"," In/Out"," Yes"," 0.3","  "," 5/SOT-23","$0.21"
"MCP6241U"," In Production "," Yes"," Linear Op Amps"," 1"," 550"," 50"," 70"," 5000"," ""1.8 - 5.5"""," 45"," 83"," 60"," 3"," 1"," 110"," 68"," 23"," In/Out"," Yes"," 0.3","  "," 5/SOT-23","$0.21"
"MCP6242"," In Production "," Yes"," Linear Op Amps"," 2"," 550"," 50"," 70"," 5000"," ""1.8 - 5.5"""," 45"," 83"," 60"," 3"," 1"," 110"," 68"," 23"," In/Out"," Yes"," 0.3","  "," 8/PDIP 8/SOIC 150mil 8/MSOP","$0.27"
"MCP6244"," In Production "," Yes"," Linear Op Amps"," 4"," 550"," 50"," 70"," 5000"," ""1.8 - 5.5"""," 45"," 83"," 60"," 3"," 1"," 110"," 68"," 23"," In/Out"," Yes"," 0.3","  "," 14/PDIP 14/TSSOP 14/SOIC 150mil","$0.43"
"MCP6061"," In Production "," Yes"," Linear Op Amps"," 1"," 730"," 60"," 90"," 150"," ""1.8 - 6.0"""," 25"," 70"," 72"," 1.5"," 1"," 115"," 61"," 27"," In/Out"," Yes"," 0.25","  "," 8/SOIC 150mil 5/SOT-23 8/TDFN","$0.45"
"MCP6062"," In Production "," Yes"," Linear Op Amps"," 2"," 730"," 60"," 90"," 150"," ""1.8 - 6.0"""," 25"," 70"," 72"," 1.5"," 1"," 115"," 61"," 27"," In/Out"," Yes"," 0.25","  "," 8/SOIC 150mil 8/TDFN","$0.64"
"MCP6064"," In Production "," Yes"," Linear Op Amps"," 4"," 730"," 60"," 90"," 150"," ""1.8 - 6.0"""," 25"," 70"," 72"," 1.5"," 1"," 115"," 61"," 6"," In/Out"," Yes"," 0.25","  "," 14/TSSOP 14/SOIC 150mil","$1.19"
"MCP6411"," In Production ","  "," Linear Op Amps"," 1"," 1000"," 47"," 55"," 1000"," ""1.7 - 5.5"""," 38"," 90"," 90"," 3"," 1"," 95"," 55"," 6"," In/Out"," Yes"," 0"," Yes"," 5/SOT-23 5/SC-70","$0.31"
"MCP6L01"," In Production "," No"," Linear Op Amps"," 1"," 1000"," 85"," 170"," 5000"," ""1.8 - 6.0"""," 24"," 83"," 78"," 2"," 2"," 105"," 90"," 20"," In/Out"," Yes"," 0.6","  "," 5/SOT-23 5/SC-70","$0.18"
"MCP6L01R"," In Production "," No"," Linear Op Amps"," 1"," 1000"," 85"," 170"," 5000"," ""1.8 - 6.0"""," 24"," 83"," 78"," 2"," 2"," 105"," 90"," 20"," In/Out"," Yes"," 0.6","  "," 5/SOT-23","$0.18"
"MCP6L01U"," In Production "," No"," Linear Op Amps"," 1"," 1000"," 85"," 170"," 5000"," ""1.8 - 6.0"""," 24"," 83"," 78"," 2"," 2"," 105"," 90"," 20"," In/Out"," Yes"," 0.6","  "," 5/SOT-23","$0.18"
"MCP6L02"," In Production "," No"," Linear Op Amps"," 2"," 1000"," 85"," 170"," 5000"," ""1.8 - 6.0"""," 24"," 83"," 78"," 2"," 2"," 105"," 90"," 20"," In/Out"," Yes"," 0.6","  "," 8/SOIC 150mil 8/MSOP","$0.22"
"MCP6L04"," In Production "," No"," Linear Op Amps"," 4"," 1000"," 85"," 170"," 5000"," ""1.8 - 6.0"""," 24"," 83"," 78"," 2"," 2"," 105"," 90"," 20"," In/Out"," Yes"," 0.6","  "," 14/TSSOP 14/SOIC 150mil","$0.29"
"MCP6V61"," In Production "," No"," Linear High Precision Op Amps-Chopper Stabilized"," 1"," 1000"," 80"," 130"," 8"," ""1.8 - 5.5"""," 26"," 117"," 120"," 0.015"," 1"," 125"," 60"," 23"," In/Out"," Yes"," 0.45"," Yes"," 5/SOT-23","$0.79"
"MCP6001"," In Production "," Yes"," Linear Op Amps"," 1"," 1000"," 100"," 170"," 4500"," ""1.8 - 6.0"""," 28"," 86"," 76"," 2"," 1"," 112"," 90"," 23"," In/Out"," Yes"," 0.6","  "," 5/SOT-23 5/SC-70","$0.18"
"MCP6002"," In Production "," Yes"," Linear Op Amps"," 2"," 1000"," 100"," 170"," 4500"," ""1.8 - 6.0"""," 28"," 86"," 76"," 2"," 1"," 112"," 90"," 23"," In/Out"," Yes"," 0.6","  "," 8/PDIP 8/SOIC 150mil 8/MSOP 8/DFN","$0.24"
"MCP6401"," In Production "," Yes"," Linear Op Amps"," 1"," 1000"," 45"," 70"," 4500"," ""1.8 - 6.0"""," 28"," 63"," 63"," 2"," 1"," 110"," 65"," 5"," In/Out"," Yes"," 0.5","  "," 5/SOT-23 5/SC-70","$0.26"
"MCP6401R"," In Production "," Yes"," Linear Op Amps"," 1"," 1000"," 45"," 70"," 4500"," ""1.8 - 6.0"""," 28"," 63"," 63"," 2"," 1"," 110"," 65"," 5"," In/Out"," Yes"," 0.5","  "," 5/SOT-23","$0.26"
"MCP6401U"," In Production "," Yes"," Linear Op Amps"," 1"," 1000"," 45"," 70"," 4500"," ""1.8 - 6.0"""," 28"," 63"," 63"," 2"," 1"," 110"," 65"," 5"," In/Out"," Yes"," 0.5","  "," 5/SOT-23","$0.26"
"MCP6004"," In Production "," Yes"," Linear Op Amps"," 4"," 1000"," 100"," 170"," 4500"," ""1.8 - 6.0"""," 28"," 86"," 76"," 2"," 1"," 112"," 90"," 23"," In/Out"," Yes"," 0.6","  "," 14/PDIP 14/TSSOP 14/SOIC 150mil","$0.30"
"MCP6402"," In Production "," Yes"," Linear Op Amps"," 2"," 1000"," 45"," 70"," 4500"," ""1.8 - 6.0"""," 28"," 63"," 63"," 2"," 1"," 110"," 65"," 5"," In/Out"," Yes"," 0.5","  "," 8/SOIC 150mil 8/TDFN","$0.33"
"MCP6406"," In Production "," Yes"," Linear Op Amps"," 1"," 1000"," 45"," 70"," 4500"," ""1.8 - 6.0"""," 28"," 73"," 75"," 2.5"," 7"," 100"," 65"," 5"," In/Out"," Yes"," 0.5"," No"," 5/SOT-23","$0.39"
"MCP6404"," In Production "," Yes"," Linear Op Amps"," 4"," 1000"," 45"," 70"," 4500"," ""1.8 - 6.0"""," 28"," 63"," 63"," 2"," 1"," 110"," 65"," 5"," In/Out"," Yes"," 0.5","  "," 14/TSSOP 14/SOIC 150mil","$0.44"
"MCP6407"," In Production "," Yes"," Linear Op Amps"," 2"," 1000"," 45"," 70"," 4500"," ""1.8 - 6.0"""," 28"," 73"," 75"," 2.5"," 7"," 100"," 65"," 5"," In/Out"," Yes"," 0.5"," No"," 8/SOIC 150mil","$0.46"
"MCP6409"," In Production "," Yes"," Linear Op Amps"," 4"," 1000"," 45"," 70"," 4500"," ""1.8 - 6.0"""," 28"," 73"," 75"," 2.5"," 7"," 100"," 65"," 5"," In/Out"," Yes"," 0.5"," No"," 14/SOIC 150mil","$0.61"
"MCP6V61U"," In Production "," Yes"," Linear High Precision Op Amps-Chopper Stabilized"," 1"," 1000"," 80"," 130"," 8"," ""1.8 - 5.5"""," 26"," 117"," 120"," 0.015"," 1"," 125"," 60"," 23"," In/Out"," Yes"," 0.45"," Yes"," 5/SOT-23 5/SC-70","$0.79"
"MCP6V62"," In Production "," Yes"," Linear High Precision Op Amps-Chopper Stabilized"," 2"," 1000"," 80"," 130"," 8"," ""1.8 - 5.5"""," 26"," 117"," 120"," 0.015"," 1"," 125"," 60"," 23"," In/Out"," Yes"," 0.45"," Yes"," 8/MSOP 8/TDFN","$1.20"
"MCP6V64"," In Production "," Yes"," Linear High Precision Op Amps-Chopper Stabilized"," 4"," 1000"," 80"," 130"," 8"," ""1.8 - 5.5"""," 26"," 117"," 120"," 0.015"," 1"," 125"," 60"," 23"," In/Out"," Yes"," 0.45"," Yes"," 14/TSSOP","$2.12"
"MCP6071"," In Production "," Yes"," Linear Op Amps"," 1"," 1200"," 110"," 170"," 150"," ""1.8 - 6.0"""," 19"," 87"," 89"," 1.5"," 1"," 115"," 57"," 7"," In/Out"," Yes"," 0.5","  "," 8/SOIC 150mil 5/SOT-23 8/TDFN","$0.43"
"MCP6H01"," In Production "," Yes"," Linear Op Amps"," 1"," 1200"," 135"," 185"," 3500"," ""3.5 - 16"""," 30"," 102"," 100"," 2.5"," 10"," 115"," 57"," 50"," Out"," Yes"," 0.8","  "," 8/SOIC 150mil 5/SOT-23 5/SC-70 8/TDFN","$0.47"
"MCP6072"," In Production "," Yes"," Linear Op Amps"," 2"," 1200"," 110"," 170"," 150"," ""1.8 - 6.0"""," 19"," 87"," 89"," 1.5"," 1"," 115"," 57"," 28"," In/Out"," Yes"," 0.5","  "," 8/SOIC 150mil 8/TDFN","$0.63"
"MCP6H02"," In Production "," Yes"," Linear Op Amps"," 2"," 1200"," 135"," 185"," 3500"," ""3.5 - 16"""," 30"," 102"," 100"," 2.5"," 10"," 115"," 57"," 50"," Out"," Yes"," 0.8","  "," 8/SOIC 150mil 8/TDFN","$0.66"
"MCP6H04"," In Production "," Yes"," Linear Op Amps"," 4"," 1200"," 135"," 185"," 3500"," ""3.5 - 16"""," 35"," 102"," 100"," 2.5"," 10"," 115"," 57"," 50"," Out"," Yes"," 0.8","  "," 14/TSSOP 14/SOIC 150mil","$0.84"
"MCP6074"," In Production "," Yes"," Linear Op Amps"," 4"," 1200"," 110"," 170"," 150"," ""1.8 - 6.0"""," 19"," 87"," 89"," 1.5"," 1"," 115"," 57"," 28"," In/Out"," Yes"," 0.5","  "," 14/TSSOP 14/SOIC 150mil","$1.17"
"MCP6V01"," In Production "," Yes"," Linear High Precision Op Amps-Auto Zero"," 1"," 1300"," 300"," 400"," 2"," ""1.8 - 5.5"""," 120"," 130"," 130"," 0.05"," 1"," 145"," 65"," 22"," In/Out"," Yes"," 0.5","  "," 8/SOIC 150mil 8/TDFN","$1.20"
"MCP6V06"," In Production "," Yes"," Linear High Precision Op Amps-Auto Zero"," 1"," 1300"," 300"," 400"," 3"," ""1.8 - 5.5"""," 82"," 125"," 120"," 0.05"," 6"," 147"," 65"," 22"," In/Out"," Yes"," 0.5","  "," 8/SOIC 150mil 8/TDFN","$1.20"
"MCP6V03"," In Production "," Yes"," Linear High Precision Op Amps-Auto Zero"," 1"," 1300"," 300"," 400"," 2"," ""1.8 - 5.5"""," 120"," 130"," 130"," 0.05"," 1"," 145"," 65"," 22"," In/Out"," Yes"," 0.5","  "," 8/SOIC 150mil 8/TDFN","$1.26"
"MCP6V08"," In Production "," Yes"," Linear High Precision Op Amps-Auto Zero"," 1"," 1300"," 300"," 400"," 3"," ""1.8 - 5.5"""," 82"," 125"," 120"," 0.05"," 6"," 147"," 65"," 22"," In/Out"," Yes"," 0.5","  "," 8/SOIC 150mil 8/TDFN","$1.26"
"MCP6V02"," In Production "," Yes"," Linear High Precision Op Amps-Auto Zero"," 2"," 1300"," 300"," 400"," 2"," ""1.8 - 5.5"""," 120"," 130"," 130"," 0.05"," 1"," 145"," 65"," 22"," In/Out"," Yes"," 0.5","  "," 8/SOIC 150mil 8/DFN","$1.84"
"MCP6V07"," In Production "," Yes"," Linear High Precision Op Amps-Auto Zero"," 2"," 1300"," 300"," 400"," 3"," ""1.8 - 5.5"""," 82"," 125"," 120"," 0.05"," 6"," 147"," 65"," 22"," In/Out"," Yes"," 0.5","  "," 8/SOIC 150mil 8/DFN","$1.84"
"TC913A Auto-Zero Op Amp"," In Production "," No"," Linear High Precision Op Amps-Auto Zero"," 2"," 1500"," 650"," 850"," 15"," ""7.0 - 16"""," 820"," 110"," 110"," 0.05"," 90"," 120"," 45"," 10","  "," Yes"," 2.5","  "," Please call for package information","Call for pricing"
"TC913B Auto-Zero Op Amp"," In Production "," No"," Linear Op Amps"," 2"," 1500"," 650"," 1100"," 30"," ""7.0 - 16"""," 820"," 100"," 100"," 0.1"," 120"," 120"," 45"," 10","  "," Yes"," 2.5","  "," Please call for package information","Call for pricing"
"MCP6275"," In Production ","  "," Linear Op Amps"," 2"," 2000"," 170"," 240"," 3000"," ""2.0 - 6.0"""," 20"," 70"," 65"," 1.7"," 1"," 110"," 65"," 25"," In/Out"," Yes"," 0.9","  "," 8/PDIP 8/SOIC 150mil 8/MSOP","$0.51"
"MCP6L71"," In Production "," No"," Linear Op Amps"," 1"," 2000"," 150"," 240"," 4000"," ""2.0 - 6.0"""," 19"," 89"," 91"," 1.3"," 1"," 105"," 65"," 25"," In/Out"," Yes"," 0.9","  "," 8/SOIC 150mil 5/SOT-23 8/MSOP","$0.27"
"MCP6L71R"," In Production "," No"," Linear Op Amps"," 1"," 2000"," 150"," 240"," 4000"," ""2.0 - 6.0"""," 19"," 89"," 91"," 1.3"," 1"," 105"," 65"," 25"," In/Out"," Yes"," 0.9","  "," 5/SOT-23","$0.27"
"MCP6L72"," In Production "," No"," Linear Op Amps"," 2"," 2000"," 150"," 240"," 4000"," ""2.0 - 6.0"""," 19"," 89"," 91"," 1.3"," 1"," 105"," 65"," 25"," In/Out"," Yes"," 0.9","  "," 8/SOIC 150mil 8/MSOP","$0.42"
"MCP6L74"," In Production "," No"," Linear Op Amps"," 4"," 2000"," 150"," 240"," 4000"," ""2.0 - 6.0"""," 19"," 89"," 91"," 1.3"," 1"," 105"," 65"," 25"," In/Out"," Yes"," 0.9","  "," 14/TSSOP 14/SOIC 150mil","$0.76"
"TC7650"," In Production "," No"," Linear High Precision Op Amps-Chopper Stabilized"," 1"," 2000"," 2000"," 3500"," 5"," ""6.5 - 16""","  "," 120"," 120"," 0.01"," 1.5"," 130"," 90","  "," Out","  "," 2.5","  "," 8/PDIP 14/PDIP","$1.84"
"MCP6271"," In Production "," Yes"," Linear Op Amps"," 1"," 2000"," 170"," 240"," 3000"," ""2.0 - 6.0"""," 20"," 70"," 65"," 1.7"," 1"," 110"," 65"," 25"," In/Out"," Yes"," 0.9","  "," 8/PDIP 8/SOIC 150mil 5/SOT-23 8/MSOP","$0.31"
"MCP6271R"," In Production "," Yes"," Linear Op Amps"," 1"," 2000"," 170"," 240"," 3000"," ""2.0 - 6.0"""," 20"," 70"," 65"," 1.7"," 1"," 110"," 65"," 25"," In/Out"," Yes"," 0.9","  "," 5/SOT-23","$0.31"
"MCP6273"," In Production "," Yes"," Linear Op Amps"," 1"," 2000"," 170"," 240"," 3000"," ""2.0 - 6.0"""," 20"," 70"," 65"," 1.7"," 1"," 110"," 65"," 25"," In/Out"," Yes"," 0.9","  "," 8/PDIP 8/SOIC 150mil 8/MSOP 6/SOT-23","$0.33"
"MCP6471"," In Production "," Yes"," Linear Op Amps"," 1"," 2000"," 100"," 200"," 1500"," ""2.0 - 5.5"""," 27"," 91"," 88"," 2.5"," 1"," 115"," 65"," 32"," In/Out"," Yes"," 1.1","  "," 5/SOT-23 5/SC-70","$0.35"
"MCP6272"," In Production "," Yes"," Linear Op Amps"," 2"," 2000"," 170"," 240"," 3000"," ""2.0 - 6.0"""," 20"," 70"," 65"," 1.7"," 1"," 110"," 65"," 25"," In/Out"," Yes"," 0.9","  "," 8/PDIP 8/SOIC 150mil 8/MSOP","$0.50"
"MCP6472"," In Production "," Yes"," Linear Op Amps"," 2"," 2000"," 100"," 200"," 1500"," ""2.0 - 5.5"""," 27"," 91"," 88"," 2.5"," 1"," 115"," 65"," 32"," In/Out"," Yes"," 1.1","  "," 8/SOIC 150mil 8/MSOP 8/TDFN","$0.56"
"MCP6V71"," In Production "," Yes"," Linear High Precision Op Amps-Chopper Stabilized"," 1"," 2000"," 170"," 260"," 8"," ""2.0 - 5.5"""," 21"," 115"," 117"," 0.015"," 1"," 126"," 60"," 26"," In/Out"," Yes"," 1"," Yes"," 5/SOT-23","$0.81"
"MCP6V71U"," In Production "," Yes"," Linear High Precision Op Amps-Chopper Stabilized"," 1"," 2000"," 170"," 260"," 8"," ""2.0 - 5.5"""," 21"," 115"," 117"," 0.015"," 1"," 126"," 60"," 26"," In/Out"," Yes"," 1"," Yes"," 5/SOT-23 5/SC-70","$0.81"
"MCP6274"," In Production "," Yes"," Linear Op Amps"," 4"," 2000"," 170"," 240"," 3000"," ""2.0 - 6.0"""," 20"," 70"," 65"," 1.7"," 1"," 110"," 65"," 25"," In/Out"," Yes"," 0.9","  "," 14/PDIP 14/TSSOP 14/SOIC 150mil","$0.91"
"MCP6V51"," In Production "," Yes"," Linear High Precision Op Amps-Chopper Stabilized"," 1"," 2000"," 470"," 590"," 15"," ""4.5 - 45"""," 10.2"," 134"," 110"," 0.036"," 60"," 142"," 66"," 46"," Out"," Yes"," 1.2"," Yes"," 5/SOT-23 8/MSOP","$0.99"
"MCP6474"," In Production "," Yes"," Linear Op Amps"," 4"," 2000"," 100"," 200"," 1500"," ""2.0 - 5.5"""," 27"," 92"," 88"," 2.5"," 1"," 115"," 65"," 32"," In/Out"," Yes"," 1.1","  "," 14/TSSOP 14/SOIC 150mil","$1.01"
"MCP6V26"," In Production "," Yes"," Linear High Precision Op Amps-Auto Zero"," 1"," 2000"," 620"," 800"," 2"," ""2.3 - 5.5"""," 50"," 125"," 125"," 0.05"," 7"," 147"," 65"," 22"," In/Out"," Yes"," 1","  "," 8/SOIC 150mil 8/MSOP 8/TDFN","$1.15"
"MCP6V28"," In Production "," Yes"," Linear High Precision Op Amps-Auto Zero"," 1"," 2000"," 620"," 800"," 2"," ""2.3 - 5.5"""," 50"," 125"," 125"," 0.05"," 7"," 147"," 65"," 22"," In/Out"," Yes"," 1","  "," 8/SOIC 150mil 8/MSOP 8/TDFN","$1.19"
"MCP6V72"," In Production "," Yes"," Linear High Precision Op Amps-Chopper Stabilized"," 2"," 2000"," 170"," 260"," 8"," ""2.0 - 5.5"""," 21"," 115"," 117"," 0.015"," 1"," 126"," 60"," 26"," In/Out"," Yes"," 1"," Yes"," 8/MSOP 8/TDFN","$1.24"
"MCP6V27"," In Production "," Yes"," Linear High Precision Op Amps-Auto Zero"," 2"," 2000"," 620"," 800"," 2"," ""2.3 - 5.5"""," 50"," 125"," 125"," 0.05"," 7"," 147"," 65"," 22"," In/Out"," Yes"," 1","  "," 8/SOIC 150mil 8/MSOP 8/DFN","$1.75"
"MCP6V74"," In Production "," Yes"," Linear High Precision Op Amps-Chopper Stabilized"," 4"," 2000"," 170"," 260"," 8"," ""2.0 - 5.5"""," 21"," 115"," 117"," 0.015"," 1"," 126"," 60"," 26"," In/Out"," Yes"," 1"," Yes"," 14/TSSOP","$2.19"
"MIC6211"," In Production "," No"," Linear Op Amps"," 1"," 2500"," 1200"," 1800"," 7000"," ""4.0 - 32"""," 0"," 65"," 45"," 0"," 0"," 105"," 0"," 40","  "," No"," 0","  "," 5/SOT-23","$0.22"
"MCP6H71"," In Production "," Yes"," Linear Op Amps"," 1"," 2700"," 480"," 600"," 4000"," ""3.5 - 12"""," 16"," 105"," 103"," 2.5"," 10"," 120"," 57"," 53"," Out"," Yes"," 2","  "," 8/SOIC 150mil 8/TDFN","$0.54"
"MCP6H72"," In Production "," Yes"," Linear Op Amps"," 2"," 2700"," 480"," 600"," 4000"," ""3.5 - 12"""," 16"," 105"," 103"," 2.5"," 10"," 120"," 57"," 53"," Out"," Yes"," 2","  "," 8/SOIC 150mil 8/TDFN","$0.75"
"MCP6H74"," In Production "," Yes"," Linear Op Amps"," 4"," 2700"," 480"," 600"," 4000"," ""3.5 - 12"""," 16"," 105"," 103"," 2.5"," 10"," 120"," 57"," 53"," Out"," Yes"," 2","  "," 14/TSSOP 14/SOIC 150mil","$0.94"
"MCP6L1"," In Production "," No"," Linear Op Amps"," 1"," 2800"," 200"," 330"," 3000"," ""2.7 - 6.0"""," 21"," 90"," 90"," 2.5"," 1"," 105"," 50"," 20"," Out"," Yes"," 2.3","  "," 8/SOIC 150mil 5/SOT-23 8/MSOP","$0.27"
"MCP6L1R"," In Production "," No"," Linear Op Amps"," 1"," 2800"," 200"," 330"," 3000"," ""2.7 - 6.0"""," 21"," 90"," 90"," 2.5"," 1"," 105"," 50"," 20"," Out"," Yes"," 2.3","  "," 5/SOT-23","$0.27"
"MCP6L2"," In Production "," No"," Linear Op Amps"," 2"," 2800"," 200"," 330"," 3000"," ""2.7 - 6.0"""," 21"," 90"," 90"," 2.5"," 1"," 105"," 50"," 20"," Out"," Yes"," 2.3","  "," 8/SOIC 150mil 8/MSOP","$0.38"
"MCP6L4"," In Production "," No"," Linear Op Amps"," 4"," 2800"," 200"," 330"," 3000"," ""2.7 - 6.0"""," 21"," 90"," 90"," 2.5"," 1"," 105"," 50"," 20"," Out"," Yes"," 2.3","  "," 14/TSSOP 14/SOIC 150mil","$0.70"
"MCP601"," In Production "," Yes"," Linear Op Amps"," 1"," 2800"," 230"," 325"," 2000"," ""2.7 - 6.0"""," 29"," 80"," 75"," 2.5"," 1"," 110"," 50"," 22"," Out"," Yes"," 2.3","  "," 8/PDIP 8/SOIC 150mil 8/TSSOP 5/SOT-23","$0.29"
"MCP603"," In Production "," Yes"," Linear Op Amps"," 1"," 2800"," 230"," 325"," 2000"," ""2.7 - 6.0"""," 29"," 80"," 75"," 2.5"," 1"," 110"," 50"," 22"," Out"," Yes"," 2.3","  "," 8/PDIP 8/SOIC 150mil 8/TSSOP 6/SOT-23","$0.31"
"MCP602"," In Production "," Yes"," Linear Op Amps"," 2"," 2800"," 230"," 325"," 2000"," ""2.7 - 6.0"""," 29"," 80"," 75"," 2.5"," 1"," 110"," 50"," 22"," Out"," Yes"," 2.3","  "," 8/PDIP 8/SOIC 150mil 8/TSSOP","$0.43"
"MCP604"," In Production "," Yes"," Linear Op Amps"," 4"," 2800"," 230"," 325"," 2000"," ""2.7 - 6.0"""," 29"," 80"," 75"," 2.5"," 1"," 110"," 50"," 22"," Out"," Yes"," 2.3","  "," 14/PDIP 14/TSSOP 14/SOIC 150mil","$0.78"
"MIC862"," In Production "," No"," Linear Op Amps"," 2"," 3000"," 31"," 47"," 6000"," ""2.0 - 5.25"""," 0"," 60"," 60"," 0"," 0"," 96"," 0"," 27","  "," No"," 0","  "," 8/SOT-23","$0.78"
"MCP6286"," In Production "," Yes"," Linear Op Amps"," 1"," 3500"," 540"," 720"," 1500"," ""2.2 - 5.5"""," 5.4"," 80"," 76"," 1"," 1"," 120"," 60"," 20"," Out"," Yes"," 2","  "," 5/SOT-23","$0.40"
"MIC860"," In Production "," No"," Linear Op Amps"," 1"," 4000"," 33"," 55"," 15000"," ""2.43 - 5.25"""," 0"," 40"," 44"," 0"," 0"," 75"," 0"," 30","  "," No"," 0","  "," 5/SC70","$0.51"
"MCP6481"," In Production "," Yes"," Linear Op Amps"," 1"," 4000"," 240"," 400"," 1500"," ""2.2 - 5.5"""," 23"," 91"," 89"," 2.5"," 1"," 115"," 60"," 36"," In/Out"," Yes"," 2.7","  "," 5/SOT-23 5/SC-70","$0.39"
"MCP6482"," In Production "," Yes"," Linear Op Amps"," 2"," 4000"," 240"," 400"," 1500"," ""2.2 - 5.5"""," 23"," 91"," 88"," 2.5"," 1"," 115"," 65"," 36"," In/Out"," Yes"," 2.7","  "," 8/SOIC 150mil 8/MSOP 8/TDFN","$0.66"
"MCP6484"," In Production "," Yes"," Linear Op Amps"," 4"," 4000"," 240"," 400"," 1500"," ""2.2 - 5.5"""," 23"," 91"," 89"," 2.5"," 1"," 115"," 60"," 36"," In/Out"," Yes"," 2.7","  "," 14/TSSOP 14/SOIC 150mil","$1.10"
"MCP6281"," In Production "," Yes"," Linear Op Amps"," 1"," 5000"," 445"," 570"," 3000"," ""2.2 - 6.0"""," 16"," 70"," 65"," 1.7"," 1"," 110"," 65"," 25"," In/Out"," Yes"," 2.5","  "," 8/PDIP 8/SOIC 150mil 5/SOT-23 8/MSOP","$0.36"
"MCP6281R"," In Production "," Yes"," Linear Op Amps"," 1"," 5000"," 445"," 570"," 3000"," ""2.2 - 6.0"""," 16"," 70"," 65"," 1.7"," 1"," 110"," 65"," 25"," In/Out"," Yes"," 2.5","  "," 5/SOT-23","$0.36"
"MCP6283"," In Production "," Yes"," Linear Op Amps"," 1"," 5000"," 445"," 570"," 3000"," ""2.2 - 6.0"""," 16"," 70"," 65"," 1.7"," 1"," 110"," 65"," 25"," In/Out"," Yes"," 2.5","  "," 8/PDIP 8/SOIC 150mil 8/MSOP 6/SOT-23","$0.37"
"MCP6282"," In Production "," Yes"," Linear Op Amps"," 2"," 5000"," 445"," 570"," 3000"," ""2.2 - 6.0"""," 16"," 70"," 65"," 1.7"," 1"," 110"," 65"," 25"," In/Out"," Yes"," 2.5","  "," 8/PDIP 8/SOIC 150mil 8/MSOP","$0.60"
"MCP6285"," In Production "," Yes"," Linear Op Amps"," 2"," 5000"," 450"," 570"," 3000"," ""2.2 - 6.0"""," 16"," 70"," 65"," 1.7"," 1"," 110"," 65"," 25"," In/Out"," Yes"," 2.5","  "," 8/PDIP 8/SOIC 150mil 8/MSOP","$0.60"
"MCP6V81"," In Production "," Yes"," Linear High Precision Op Amps-Chopper Stabilized"," 1"," 5000"," 500"," 770"," 9"," ""2.2 - 5.5"""," 13"," 117"," 118"," 0.02"," 2"," 126"," 60"," 40"," In/Out"," Yes"," 4"," Yes"," 5/SOT-23","$0.92"
"MCP6V81U"," In Production "," Yes"," Linear High Precision Op Amps-Chopper Stabilized"," 1"," 5000"," 500"," 770"," 9"," ""2.2 - 5.5"""," 13"," 117"," 118"," 0.02"," 2"," 126"," 60"," 40"," In/Out"," Yes"," 4"," Yes"," 5/SOT-23 5/SC-70","$0.92"
"MCP6284"," In Production "," Yes"," Linear Op Amps"," 4"," 5000"," 445"," 570"," 3000"," ""2.2 - 6.0"""," 16"," 70"," 65"," 1.7"," 1"," 110"," 65"," 25"," In/Out"," Yes"," 2.5","  "," 14/PDIP 14/TSSOP 14/SOIC 150mil","$1.04"
"MCP6V82"," In Production "," Yes"," Linear High Precision Op Amps-Chopper Stabilized"," 2"," 5000"," 500"," 770"," 9"," ""2.2 - 5.5"""," 13"," 117"," 118"," 0.02"," 2"," 126"," 60"," 40"," In/Out"," Yes"," 4"," Yes"," 8/MSOP 8/TDFN","$1.40"
"MCP6V84"," In Production "," Yes"," Linear High Precision Op Amps-Chopper Stabilized"," 4"," 5000"," 500"," 770"," 9"," ""2.2 - 5.5"""," 13"," 117"," 118"," 0.02"," 2"," 126"," 60"," 40"," In/Out"," Yes"," 4"," Yes"," 14/TSSOP","$2.49"
"MCP6H81"," In Production "," Yes"," Linear Op Amps"," 1"," 5500"," 700"," 1300"," 4000"," ""3.5 - 12"""," 12"," 102"," 100"," 2.5"," 10"," 120"," 60"," 55"," Out"," Yes"," 5","  "," 8/SOIC 150mil 8/TDFN","$0.63"
"MCP6H82"," In Production "," Yes"," Linear Op Amps"," 2"," 5500"," 700"," 1300"," 4000"," ""3.5 - 12"""," 12"," 102"," 100"," 25"," 10"," 120"," 60"," 55"," Out"," Yes"," 5","  "," 8/SOIC 150mil 8/TDFN","$0.82"
"MCP6H84"," In Production "," Yes"," Linear Op Amps"," 4"," 5500"," 700"," 1300"," 4000"," ""3.5 - 12"""," 12"," 102"," 100"," 2.5"," 10"," 120"," 60"," 55"," Out"," Yes"," 5","  "," 14/TSSOP 14/SOIC 150mil","$1.11"
"MCP6491"," In Production "," Yes"," Linear Op Amps"," 1"," 7500"," 530"," 800"," 1500"," ""2.4 - 5.5"""," 14"," 90"," 88"," 2.5"," 1"," 115"," 57"," 40"," In/Out"," Yes"," 6","  "," 5/SOT-23 5/SC-70","$0.44"
"MCP6492"," In Production "," Yes"," Linear Op Amps"," 2"," 7500"," 530"," 800"," 1500"," ""2.4 - 5.5"""," 14"," 90"," 88"," 2.5"," 1"," 115"," 57"," 40"," In/Out","  "," 6","  "," 8/SOIC 150mil 8/MSOP 8/TDFN","$0.67"
"MCP6494"," In Production "," Yes"," Linear Op Amps"," 4"," 7500"," 530"," 800"," 1500"," ""2.4 - 5.5"""," 14"," 90"," 88"," 2.5"," 1"," 115"," 57"," 40"," In/Out"," Yes"," 6","  "," 14/TSSOP 14/SOIC 150mil","$1.19"
"MCP6L91R"," In Production "," No"," Linear Op Amps"," 1"," 10000"," 850"," 1350"," 4000"," ""2.4 - 6.0"""," 9.4"," 89"," 91"," 1.3"," 1"," 105"," 65"," 25"," In/Out"," Yes"," 7","  "," 5/SOT-23","$0.34"
"MCP6L91"," In Production "," No"," Linear Op Amps"," 1"," 10000"," 850"," 1350"," 4000"," ""2.4 - 6.0"""," 9.4"," 89"," 91"," 1.3"," 1"," 105"," 65"," 25"," In/Out"," Yes"," 7","  "," 8/MSOP","$0.42"
"MCP6L92"," In Production "," No"," Linear Op Amps"," 2"," 10000"," 850"," 1350"," 4000"," ""2.4 - 6.0"""," 9.4"," 89"," 91"," 1.3"," 1"," 105"," 65"," 25"," In/Out"," Yes"," 7","  "," 8/SOIC 150mil 8/MSOP","$0.56"
"MCP6L94"," In Production "," No"," Linear Op Amps"," 4"," 10000"," 850"," 1350"," 4000"," ""2.4 - 6.0"""," 9.4"," 89"," 91"," 1.3"," 1"," 105"," 65"," 25"," In/Out"," Yes"," 7","  "," 14/TSSOP 14/SOIC 150mil","$0.98"
"MCP6291"," In Production "," Yes"," Linear Op Amps"," 1"," 10000"," 1000"," 1300"," 3000"," ""2.4 - 6.0"""," 8.7"," 70"," 65"," 1.7"," 1"," 110"," 65"," 25"," In/Out"," Yes"," 7","  "," 8/PDIP 8/SOIC 150mil 5/SOT-23 8/MSOP","$0.34"
"MCP6291R"," In Production "," Yes"," Linear Op Amps"," 1"," 10000"," 1000"," 1300"," 3000"," ""2.4 - 6.0"""," 8.7"," 70"," 65"," 1.7"," 1"," 110"," 65"," 25"," In/Out"," Yes"," 7","  "," 5/SOT-23","$0.40"
"MCP6293"," In Production "," Yes"," Linear Op Amps"," 1"," 10000"," 1000"," 1300"," 3000"," ""2.4 - 6.0"""," 8.7"," 70"," 65"," 1.7"," 1"," 110"," 65"," 25"," In/Out"," Yes"," 7","  "," 8/PDIP 8/SOIC 150mil 8/MSOP 6/SOT-23","$0.43"
"MCP6292"," In Production "," Yes"," Linear Op Amps"," 2"," 10000"," 1000"," 1300"," 3000"," ""2.4 - 6.0"""," 8.7"," 70"," 65"," 1.7"," 1"," 110"," 65"," 25"," In/Out"," Yes"," 7","  "," 8/PDIP 8/SOIC 150mil 8/MSOP","$0.65"
"MCP6295"," In Production "," Yes"," Linear Op Amps"," 2"," 10000"," 1000"," 1300"," 3000"," ""2.4 - 6.0"""," 8.7"," 70"," 65"," 1.7"," 1"," 110"," 65"," 25"," In/Out"," Yes"," 7","  "," 8/PDIP 8/SOIC 150mil 8/MSOP","$0.65"
"MCP6021"," In Production "," Yes"," Linear Op Amps"," 1"," 10000"," 1000"," 1350"," 250"," ""2.5 - 5.5"""," 8.7"," 74"," 74"," 3.5"," 1"," 110"," 65"," 30"," In/Out"," Yes"," 7","  "," 8/PDIP 8/SOIC 150mil 8/TSSOP 5/SOT-23 8/MSOP","$0.74"
"MCP6021R"," In Production "," Yes"," Linear Op Amps"," 1"," 10000"," 1000"," 1350"," 250"," ""2.5 - 5.5"""," 8.7"," 74"," 74"," 3.5"," 1"," 110"," 65"," 30"," In/Out"," Yes"," 7","  "," 5/SOT-23","$0.74"
"MCP6H91"," In Production "," Yes"," Linear Op Amps"," 1"," 10000"," 2000"," 2800"," 4000"," ""3.5 - 12"""," 23"," 94"," 98"," 2.5"," 10"," 115"," 60"," 43"," Out"," Yes"," 10","  "," 8/SOIC 150mil 8/TDFN","$0.74"
"MCP6023"," In Production "," Yes"," Linear Op Amps"," 1"," 10000"," 1000"," 1350"," 250"," ""2.5 - 5.5"""," 8.7"," 74"," 74"," 3.5"," 1"," 110"," 65"," 30"," In/Out"," Yes"," 7","  "," 8/PDIP 8/SOIC 150mil 8/TSSOP","$0.80"
"MCP6022"," In Production "," Yes"," Linear Op Amps"," 2"," 10000"," 1000"," 1350"," 250"," ""2.5 - 5.5"""," 8.7"," 74"," 74"," 3.5"," 1"," 110"," 65"," 30"," In/Out"," Yes"," 7","  "," 8/PDIP 8/SOIC 150mil 8/TSSOP","$0.98"
"MCP6H92"," In Production "," Yes"," Linear Op Amps"," 2"," 10000"," 2000"," 2800"," 4000"," ""3.5 - 12"""," 23"," 94"," 98"," 2.5"," 10"," 115"," 60"," 43"," Out"," Yes"," 10","  "," 8/SOIC 150mil 8/TDFN","$1.04"
"MCP6V91"," In Production "," Yes"," Linear High Precision Op Amps-Chopper Stabilized"," 1"," 10000"," 1100"," 1600"," 9"," ""2.4 - 5.5"""," 11"," 117"," 118"," 0.017"," 2"," 126"," 60"," 40"," In/Out"," Yes"," 9.5"," Yes"," 5/SOT-23","$1.04"
"MCP6V91U"," In Production "," Yes"," Linear High Precision Op Amps-Chopper Stabilized"," 1"," 10000"," 1100"," 1600"," 9"," ""2.4 - 5.5"""," 11"," 117"," 118"," 0.017"," 2"," 126"," 60"," 40"," In/Out"," Yes"," 9.5"," Yes"," 5/SOT-23 5/SC-70","$1.04"
"MCP6294"," In Production "," Yes"," Linear Op Amps"," 4"," 10000"," 1000"," 1300"," 3000"," ""2.4 - 6.0"""," 8.7"," 70"," 65"," 1.7"," 1"," 110"," 65"," 25"," In/Out"," Yes"," 7","  "," 14/PDIP 14/TSSOP 14/SOIC 150mil","$1.15"
"MCP6H94"," In Production "," Yes"," Linear Op Amps"," 4"," 10000"," 2000"," 2800"," 4000"," ""3.5 - 12"""," 23"," 94"," 98"," 2.5"," 10"," 115"," 60"," 43"," Out"," Yes"," 10","  "," 14/TSSOP 14/SOIC 150mil","$1.30"
"MCP6024"," In Production "," Yes"," Linear Op Amps"," 4"," 10000"," 1000"," 1350"," 250"," ""2.5 - 5.5"""," 8.7"," 74"," 74"," 3.5"," 1"," 110"," 65"," 30"," In/Out"," Yes"," 7","  "," 14/PDIP 14/TSSOP 14/SOIC 150mil","$1.41"
"MCP6V92"," In Production "," Yes"," Linear High Precision Op Amps-Chopper Stabilized"," 2"," 10000"," 1100"," 1600"," 9"," ""2.4 - 5.5"""," 11"," 117"," 118"," 0.017"," 2"," 126"," 60"," 40"," In/Out"," Yes"," 9.5"," Yes"," 8/MSOP 8/TDFN","$1.60"
"MCP6V94"," In Production "," Yes"," Linear High Precision Op Amps-Chopper Stabilized"," 4"," 10000"," 1100"," 1600"," 9"," ""2.4 - 5.5"""," 11"," 117"," 118"," 0.017"," 2"," 126"," 60"," 40"," In/Out"," Yes"," 9.5"," Yes"," 14/TSSOP","$2.83"
"MCP621S"," In Production "," Yes"," Linear Op Amps"," 1"," 20000"," 2500"," 3600"," 200"," ""2.5 - 5.5"""," 13"," 61"," 65"," 2"," 5"," 117"," 60"," 70"," Out"," Yes"," 10","  "," 5/SOT-23","$0.94"
"MCP623"," In Production "," Yes"," Linear Op Amps"," 1"," 20000"," 2500"," 3600"," 200"," ""2.5 - 5.5"""," 13"," 61"," 65"," 2"," 5"," 117"," 60"," 70"," Out"," Yes"," 10","  "," 6/SOT-23","$0.97"
"MCP621"," In Production "," Yes"," Linear Op Amps"," 1"," 20000"," 2500"," 3600"," 200"," ""2.5 - 5.5"""," 13"," 61"," 65"," 2"," 5"," 117"," 60"," 70"," Out"," Yes"," 10","  "," 8/SOIC 150mil 8/TDFN","$0.99"
"MCP622"," In Production "," Yes"," Linear Op Amps"," 2"," 20000"," 2500"," 3600"," 200"," ""2.5 - 5.5"""," 13"," 61"," 65"," 2"," 5"," 117"," 60"," 70"," Out"," Yes"," 10","  "," 8/SOIC 150mil 8/DFN","$1.22"
"MCP625"," In Production "," Yes"," Linear Op Amps"," 2"," 20000"," 2500"," 3600"," 200"," ""2.5 - 5.5"""," 13"," 61"," 65"," 2"," 5"," 117"," 60"," 70"," Out"," Yes"," 10","  "," 10/DFN 10/MSOP","$1.29"
"MCP624"," In Production "," Yes"," Linear Op Amps"," 4"," 20000"," 2500"," 3600"," 200"," ""2.5 - 5.5"""," 13"," 61"," 65"," 2"," 5"," 117"," 60"," 70"," Out"," Yes"," 10","  "," 14/TSSOP 14/SOIC 150mil","$1.85"
"MCP629"," In Production "," Yes"," Linear Op Amps"," 4"," 20000"," 2500"," 3600"," 200"," ""2.5 - 5.5"""," 13"," 61"," 65"," 2"," 5"," 117"," 60"," 70"," Out"," Yes"," 10","  "," 16/QFN","$1.96"
"MCP631"," In Production "," Yes"," Linear Op Amps"," 1"," 24000"," 2500"," 3600"," 8000"," ""2.5 - 5.5"""," 10"," 61"," 63"," 2"," 4"," 115"," 65"," 70"," Out"," Yes"," 10","  "," 8/SOIC 150mil 5/SOT-23 8/TDFN","$0.57"
"MCP633"," In Production "," Yes"," Linear Op Amps"," 1"," 24000"," 2500"," 3600"," 8000"," ""2.5 - 5.5"""," 10"," 61"," 63"," 2"," 4"," 115"," 65"," 70"," Out"," Yes"," 10","  "," 8/SOIC 150mil 6/SOT-23","$0.60"
"MCP632"," In Production "," Yes"," Linear Op Amps"," 2"," 24000"," 2500"," 3600"," 8000"," ""2.5 - 5.5"""," 10"," 61"," 63"," 2"," 4"," 115"," 65"," 70"," Out"," Yes"," 10","  "," 8/SOIC 150mil 8/DFN","$0.75"
"MCP635"," In Production "," Yes"," Linear Op Amps"," 2"," 24000"," 2500"," 3600"," 8000"," ""2.5 - 5.5"""," 10"," 61"," 63"," 2"," 4"," 115"," 65"," 70"," Out"," Yes"," 10","  "," 10/DFN 10/MSOP","$0.81"
"MCP634"," In Production "," Yes"," Linear Op Amps"," 4"," 24000"," 2500"," 3600"," 8000"," ""2.5 - 5.5"""," 10"," 61"," 63"," 2"," 4"," 115"," 65"," 70"," Out"," Yes"," 10","  "," 14/TSSOP 14/SOIC 150mil","$1.15"
"MCP639"," In Production "," Yes"," Linear Op Amps"," 4"," 24000"," 2500"," 3600"," 8000"," ""2.5 - 5.5"""," 10"," 61"," 63"," 2"," 4"," 115"," 65"," 70"," Out"," Yes"," 10","  "," 16/QFN","$1.19"
"MCP651S"," In Production "," Yes"," Linear Op Amps"," 1"," 50000"," 6000"," 9000"," 200"," ""2.5 - 5.5"""," 7.5"," 61"," 66"," 2.5"," 6"," 114"," 65"," 95"," Out"," Yes"," 30","  "," 5/SOT-23","$1.15"
"MCP653"," In Production "," Yes"," Linear Op Amps"," 1"," 50000"," 6000"," 9000"," 200"," ""2.5 - 5.5"""," 7.5"," 61"," 66"," 2.5"," 6"," 114"," 65"," 95"," Out"," Yes"," 30","  "," 6/SOT-23","$1.18"
"MCP651"," In Production "," Yes"," Linear Op Amps"," 1"," 50000"," 6000"," 9000"," 200"," ""2.5 - 5.5"""," 7.5"," 61"," 66"," 2.5"," 6"," 114"," 65"," 95"," Out"," Yes"," 30","  "," 8/SOIC 150mil 8/TDFN","$1.22"
"MCP652"," In Production "," Yes"," Linear Op Amps"," 2"," 50000"," 6000"," 9000"," 200"," ""2.5 - 5.5"""," 7.5"," 61"," 66"," 2.5"," 6"," 114"," 65"," 95"," Out"," Yes"," 30","  "," 8/SOIC 150mil 8/DFN","$1.51"
"MCP655"," In Production "," Yes"," Linear Op Amps"," 2"," 50000"," 6000"," 9000"," 200"," ""2.5 - 5.5"""," 7.5"," 61"," 66"," 2.5"," 6"," 114"," 65"," 95"," Out"," Yes"," 30","  "," 10/DFN 10/MSOP","$1.61"
"MCP654"," In Production "," Yes"," Linear Op Amps"," 4"," 50000"," 6000"," 9000"," 200"," ""2.5 - 5.5"""," 7.5"," 61"," 66"," 2.5"," 6"," 114"," 65"," 95"," Out"," Yes"," 30","  "," 14/TSSOP 14/SOIC 150mil","$2.28"
"MCP659"," In Production "," Yes"," Linear Op Amps"," 4"," 50000"," 6000"," 9000"," 200"," ""2.5 - 5.5"""," 7.5"," 61"," 66"," 2.5"," 6"," 114"," 65"," 95"," Out"," Yes"," 30","  "," 16/QFN","$2.37"
"MCP661"," In Production "," Yes"," Linear Op Amps"," 1"," 60000"," 6000"," 9000"," 8000"," ""2.5 - 5.5"""," 6.8"," 61"," 66"," 2"," 6"," 126"," 65"," 90"," Out"," Yes"," 32","  "," 8/SOIC 150mil 5/SOT-23 8/TDFN","$0.72"
"MCP663"," In Production "," Yes"," Linear Op Amps"," 1"," 60000"," 6000"," 9000"," 8000"," ""2.5 - 5.5"""," 6.8"," 61"," 66"," 2"," 6"," 126"," 65"," 90"," Out"," Yes"," 32","  "," 8/SOIC 150mil 6/SOT-23","$0.74"
"MCP662"," In Production "," Yes"," Linear Op Amps"," 2"," 60000"," 6000"," 9000"," 8000"," ""2.5 - 5.5"""," 6.8"," 61"," 66"," 2"," 6"," 126"," 65"," 90"," Out"," Yes"," 32","  "," 8/SOIC 150mil 8/MSOP 8/DFN","$0.93"
"MCP665"," In Production "," Yes"," Linear Op Amps"," 2"," 60000"," 6000"," 9000"," 8000"," ""2.5 - 5.5"""," 6.8"," 61"," 66"," 2"," 6"," 126"," 65"," 90"," Out"," Yes"," 32","  "," 10/DFN 10/MSOP","$1.01"
"MCP660"," In Production "," Yes"," Linear Op Amps"," 3"," 60000"," 6000"," 9000"," 8000"," ""2.5 - 5.5"""," 6.8"," 61"," 66"," 2"," 6"," 126"," 65"," 90"," Out"," Yes"," 32","  "," 14/TSSOP 14/SOIC 150mil 16/QFN","$1.24"
"MCP664"," In Production "," Yes"," Linear Op Amps"," 4"," 60000"," 6000"," 9000"," 8000"," ""2.5 - 5.5"""," 6.8"," 61"," 66"," 2"," 6"," 126"," 65"," 90"," Out"," Yes"," 32","  "," 14/TSSOP 14/SOIC 150mil","$1.42"
"MCP669"," In Production "," Yes"," Linear Op Amps"," 4"," 60000"," 6000"," 9000"," 8000"," ""2.5 - 5.5"""," 6.8"," 61"," 66"," 2"," 6"," 126"," 65"," 90"," Out"," Yes"," 32","  "," 16/QFN","$1.47"
"MIC920"," In Production "," No"," Linear Op Amps"," 1"," 80000"," 550"," 800"," 5000"," ""5.0 - 18"""," 10"," 95"," 60"," 0"," 260000"," 84"," 30"," 65","  "," Yes"," 3000"," No"," 5/SC70","$0.24"